PassengerId,Pclass,Sex,Age,SibSp,Parch,Fare,Embarked,Alone
1,3,0,22.0,1,0,0.014151057562208049,0.0,0
2,1,1,38.0,1,0,0.13913573538264068,1.0,0
3,3,1,26.0,0,0,0.015468569817999833,0.0,1
4,1,1,35.0,1,0,0.10364429745562033,0.0,0
5,3,0,35.0,0,0,0.015712553569072387,0.0,1
6,3,0,25.12626838684082,0,0,0.01650950209357577,2.0,1
7,1,0,54.0,0,0,0.10122885832000206,0.0,1
8,3,0,2.0,3,1,0.04113566043083236,0.0,0
9,3,1,27.0,0,2,0.021730754366528396,0.0,0
10,2,1,14.0,1,0,0.058694292654020104,1.0,0
11,3,1,4.0,1,1,0.03259622914329302,0.0,0
12,1,1,58.0,0,0,0.051822148727810165,0.0,1
13,3,0,20.0,0,0,0.015712553569072387,0.0,1
14,3,0,39.0,1,5,0.06104473451835265,0.0,0
15,3,1,14.0,0,0,0.015330377421392339,0.0,1
16,2,1,55.0,0,0,0.03122992013728673,0.0,1
17,3,0,2.0,4,1,0.05684821399990475,2.0,0
18,2,0,34.312652587890625,0,0,0.025374310111545468,0.0,1
19,3,1,31.0,1,0,0.03513366015444757,0.0,0
20,3,1,22.024749755859375,0,0,0.014102260811993537,1.0,1
21,2,0,35.0,0,0,0.050748620223090936,0.0,1
22,2,0,34.0,0,0,0.025374310111545468,0.0,1
23,3,1,15.0,0,0,0.015671954672893913,2.0,1
24,1,0,28.0,0,0,0.06929138530460494,0.0,1
25,3,1,8.0,3,1,0.04113566043083236,0.0,0
26,3,1,38.0,1,5,0.06126431989431795,0.0,0
27,3,0,26.506254196166992,0,0,0.014102260811993537,1.0,1
28,1,0,19.0,3,2,0.5133418122566507,0.0,0
29,3,1,23.697689056396484,0,0,0.01537917417160685,2.0,1
30,3,0,25.73886489868164,0,0,0.015411575213749286,0.0,1
31,1,0,40.0,0,0,0.05410739813385612,1.0,1
32,1,1,25.782745361328125,1,0,0.2859895551532101,1.0,0
33,3,1,23.556156158447266,0,0,0.015126992566498259,2.0,1
34,2,0,66.0,0,0,0.020494635090094415,0.0,1
35,1,0,28.0,1,0,0.16038672010106003,1.0,0
36,1,0,42.0,1,0,0.10149724044618187,0.0,0
37,3,0,26.501447677612305,0,0,0.014110458666029575,1.0,1
38,3,0,21.0,0,0,0.015712553569072387,0.0,1
39,3,1,18.0,2,0,0.03513366015444757,0.0,0
40,3,1,14.0,1,0,0.021942337075458514,1.0,0
41,3,1,40.0,1,0,0.018493968331299484,0.0,0
42,2,1,27.0,1,0,0.04098927018018883,0.0,0
43,3,0,25.73886489868164,0,0,0.015411575213749286,1.0,1
44,2,1,3.0,1,2,0.08115719346076702,1.0,0
45,3,1,19.0,0,0,0.01537917417160685,2.0,1
46,3,0,25.562461853027344,0,0,0.015712553569072387,0.0,1
47,3,0,28.41485595703125,1,0,0.030253985132996517,2.0,0
48,3,1,23.556156158447266,0,0,0.015126992566498259,2.0,1
49,3,0,20.432485580444336,2,0,0.04231498029001666,1.0,0
50,3,1,18.0,1,0,0.034743286152731485,0.0,0
51,3,0,7.0,4,1,0.07746484096553544,0.0,0
52,3,0,21.0,0,0,0.01522458606692728,0.0,1
53,1,1,49.0,1,0,0.1497654242623688,1.0,0
54,2,1,29.0,1,0,0.050748620223090936,0.0,0
55,1,0,65.0,0,1,0.1209753416358076,1.0,0
56,1,0,48.92407989501953,0,0,0.06929138530460494,0.0,1
57,2,1,21.0,0,0,0.020494635090094415,0.0,1
58,3,0,28.5,0,0,0.014110458666029575,1.0,1
59,2,1,5.0,1,2,0.05416439273810667,0.0,0
60,3,0,11.0,5,2,0.09154270340242172,0.0,0
61,3,0,22.0,0,0,0.014110458666029575,1.0,1
62,1,1,38.0,0,0,0.15614960068643363,0.0,1
63,1,0,45.0,1,0,0.16293234896625058,0.0,0
64,3,0,4.0,3,2,0.05445717323939373,0.0,0
65,1,0,45.38953399658203,0,0,0.05410739813385612,1.0,1
66,3,0,8.912067413330078,1,1,0.029757819776815374,1.0,0
67,2,1,29.0,0,0,0.020494635090094415,0.0,1
68,3,0,19.0,0,0,0.015923941091001644,0.0,1
69,3,1,17.0,4,2,0.015468569817999833,0.0,0
70,3,0,26.0,2,0,0.016908073949327893,0.0,0
71,2,0,32.0,0,0,0.020494635090094415,0.0,1
72,3,1,16.0,5,2,0.09154270340242172,0.0,0
73,2,0,21.0,0,0,0.1434624456306609,0.0,1
74,3,0,26.0,1,0,0.028212719478023115,1.0,0
75,3,0,32.0,0,0,0.11027245763075773,0.0,1
76,3,0,25.0,0,0,0.014931805565640218,0.0,1
77,3,0,25.73886489868164,0,0,0.015411575213749286,0.0,1
78,3,0,25.562461853027344,0,0,0.015712553569072387,0.0,1
79,2,0,0.83,0,2,0.056604230248832196,0.0,0
80,3,1,30.0,0,0,0.024349578357040744,0.0,1
81,3,0,22.0,0,0,0.017566830077223785,0.0,1
82,3,0,29.0,0,0,0.018542765081513996,0.0,1
83,3,1,23.59723663330078,0,0,0.015200187691820024,2.0,1
84,1,0,28.0,0,0,0.09193307740413781,0.0,1
85,2,1,17.0,0,0,0.020494635090094415,0.0,1
86,3,1,33.0,3,0,0.030937139635999665,0.0,0
87,3,0,16.0,1,3,0.06709553154495196,0.0,0
88,3,0,25.562461853027344,0,0,0.015712553569072387,0.0,1
89,1,1,23.0,3,2,0.5133418122566507,0.0,0
90,3,0,24.0,0,0,0.015712553569072387,0.0,1
91,3,0,29.0,0,0,0.015712553569072387,0.0,1
92,3,0,20.0,0,0,0.015330377421392339,0.0,1
93,1,0,46.0,1,0,0.11940564777490723,0.0,0
94,3,0,26.0,1,2,0.04015972542654215,0.0,0
95,3,0,59.0,0,0,0.014151057562208049,0.0,1
96,3,0,25.562461853027344,0,0,0.015712553569072387,0.0,1
97,1,0,71.0,0,0,0.06764049365134761,1.0,1
98,1,0,23.0,0,1,0.12366716556464086,1.0,0
99,2,1,34.0,0,1,0.044893010197349675,0.0,0
100,2,0,34.0,1,0,0.050748620223090936,0.0,0
101,3,1,28.0,0,0,0.015411575213749286,0.0,1
102,3,0,25.73886489868164,0,0,0.015411575213749286,0.0,1
103,1,0,21.0,0,1,0.15085515328815924,0.0,0
104,3,0,33.0,0,0,0.016891873428256675,0.0,1
105,3,0,37.0,2,0,0.015468569817999833,0.0,0
106,3,0,28.0,0,0,0.015411575213749286,0.0,1
107,3,1,21.0,0,0,0.014931805565640218,0.0,1
108,3,0,25.877058029174805,0,0,0.015175789316712771,0.0,1
109,3,0,38.0,0,0,0.015411575213749286,0.0,1
110,3,1,25.99416160583496,1,0,0.04713766070721715,2.0,0
111,1,0,47.0,0,0,0.10149724044618187,0.0,1
112,3,1,14.5,1,0,0.028212719478023115,1.0,0
113,3,0,22.0,0,0,0.015712553569072387,0.0,1
114,3,1,20.0,1,0,0.019177122834302632,0.0,0
115,3,1,17.0,0,0,0.028220722145058292,1.0,1
116,3,0,21.0,0,0,0.015468569817999833,0.0,1
117,3,0,70.5,0,0,0.015126992566498259,2.0,1
118,2,0,29.0,1,0,0.04098927018018883,0.0,0
119,1,0,24.0,0,1,0.4831284260198326,1.0,0
120,3,1,2.0,4,2,0.06104473451835265,0.0,0
121,2,0,21.0,2,0,0.1434624456306609,0.0,0
122,3,0,25.562461853027344,0,0,0.015712553569072387,0.0,1
123,2,0,32.5,1,0,0.058694292654020104,1.0,0
124,2,1,32.5,0,0,0.025374310111545468,0.0,1
125,1,0,54.0,0,1,0.15085515328815924,0.0,0
126,3,0,12.0,1,0,0.021942337075458514,1.0,0
127,3,0,25.905658721923828,0,0,0.015126992566498259,2.0,1
128,3,0,24.0,0,0,0.01393967004027879,0.0,1
129,3,1,28.341747283935547,1,1,0.04364049521284362,1.0,0
130,3,0,45.0,0,0,0.013614293309848433,0.0,1
131,3,0,33.0,0,0,0.015411575213749286,1.0,1
132,3,0,20.0,0,0,0.013760683560491965,0.0,1
133,3,1,47.0,1,0,0.028302115124416098,0.0,0
134,2,1,29.0,1,0,0.050748620223090936,0.0,0
135,2,0,25.0,0,0,0.025374310111545468,0.0,1
136,2,0,23.0,0,0,0.02936744577509929,1.0,1
137,1,1,19.0,0,2,0.051301584996521765,0.0,0
138,1,0,37.0,1,0,0.10364429745562033,0.0,0
139,3,0,16.0,0,0,0.01798980030808316,0.0,1
140,1,0,24.0,0,0,0.15458810467956932,1.0,1
141,3,1,30.510894775390625,0,2,0.029757819776815374,1.0,0
142,3,1,22.0,0,0,0.015126992566498259,0.0,1
143,3,1,24.0,1,0,0.030937139635999665,0.0,0
144,3,0,19.0,0,0,0.013175122557917838,2.0,1
145,2,0,18.0,0,0,0.022446505098674838,0.0,1
146,2,0,19.0,1,1,0.07173122281533045,0.0,0
147,3,0,27.0,0,0,0.015216388212891242,0.0,1
148,3,1,9.0,2,2,0.06709553154495196,0.0,0
149,2,0,36.5,0,2,0.050748620223090936,0.0,0
150,2,0,42.0,0,0,0.025374310111545468,0.0,1
151,2,0,51.0,0,0,0.02444717185746977,0.0,1
152,1,1,22.0,1,0,0.12999454257145598,0.0,0
153,3,0,55.5,0,0,0.015712553569072387,0.0,1
154,3,0,40.5,0,2,0.028302115124416098,0.0,0
155,3,0,26.406150817871094,0,0,0.014273049437744325,0.0,1
156,1,0,51.0,0,1,0.11980421963065935,1.0,0
157,3,1,16.0,0,0,0.015094396337354966,2.0,1
158,3,0,30.0,0,0,0.015712553569072387,0.0,1
159,3,0,24.910053253173828,0,0,0.016908073949327893,0.0,1
160,3,0,14.116209983825684,8,2,0.13575255909676825,0.0,0
161,3,0,44.0,0,1,0.031425107138144774,0.0,0
162,2,1,40.0,0,0,0.030741952635141623,0.0,1
163,3,0,26.0,0,0,0.015175789316712771,0.0,1
164,3,0,17.0,0,0,0.016908073949327893,0.0,1
165,3,0,1.0,4,1,0.07746484096553544,0.0,0
166,3,0,9.0,0,2,0.04006213192611313,0.0,0
167,1,1,26.336437225341797,0,1,0.10735285047192313,0.0,0
168,3,1,45.0,1,4,0.05445717323939373,0.0,0
169,1,0,45.146156311035156,0,0,0.050602229972447406,0.0,1
170,3,0,28.0,0,0,0.11027245763075773,0.0,1
171,1,0,61.0,0,0,0.06538764528744409,0.0,1
172,3,0,4.0,4,1,0.05684821399990475,2.0,0
173,3,1,1.0,1,1,0.021730754366528396,0.0,0
174,3,0,21.0,0,0,0.015468569817999833,0.0,1
175,1,0,56.0,0,0,0.05991421140938287,1.0,1
176,3,0,18.0,1,1,0.015330377421392339,0.0,0
177,3,0,4.320155143737793,3,1,0.049707687947515,0.0,0
178,1,1,50.0,0,0,0.05604306762136532,1.0,1
179,2,0,30.0,0,0,0.025374310111545468,0.0,1
180,3,0,36.0,0,0,0.0,0.0,1
181,3,1,36.1191520690918,8,2,0.13575255909676825,0.0,0
182,2,0,38.689239501953125,0,0,0.02937564362913533,1.0,1
183,3,0,9.0,4,2,0.06126431989431795,0.0,0
184,2,0,1.0,2,1,0.07612293033463641,0.0,0
185,3,1,4.0,0,2,0.04298993693898376,0.0,0
186,1,0,47.51023864746094,0,0,0.09759350042902103,0.0,1
187,3,1,25.35791015625,1,0,0.030253985132996517,2.0,0
188,1,0,45.0,0,0,0.051822148727810165,0.0,1
189,3,0,40.0,1,1,0.030253985132996517,2.0,0
190,3,0,36.0,0,0,0.015411575213749286,0.0,1
191,2,1,32.0,0,0,0.025374310111545468,0.0,1
192,2,0,19.0,0,0,0.025374310111545468,0.0,1
193,3,1,19.0,1,0,0.015330377421392339,0.0,0
194,2,0,3.0,1,1,0.050748620223090936,0.0,0
195,1,1,44.0,0,0,0.05410739813385612,1.0,1
196,1,1,58.0,0,0,0.2859895551532101,1.0,1
197,3,0,25.905658721923828,0,0,0.015126992566498259,2.0,1
198,3,0,42.0,0,1,0.01640390592611157,0.0,0
199,3,1,23.556156158447266,0,0,0.015126992566498259,2.0,1
200,2,1,24.0,0,0,0.025374310111545468,0.0,1
201,3,0,28.0,0,0,0.018542765081513996,0.0,1
202,3,0,14.116209983825684,8,2,0.13575255909676825,0.0,0
203,3,0,34.0,0,0,0.012678957201736696,0.0,1
204,3,0,45.5,0,0,0.014102260811993537,1.0,1
205,3,0,18.0,0,0,0.015712553569072387,0.0,1
206,3,1,2.0,0,1,0.02042143996477265,0.0,0
207,3,0,32.0,1,0,0.030937139635999665,0.0,0
208,3,0,26.0,0,0,0.036670757786204655,1.0,1
209,3,1,16.0,0,0,0.015126992566498259,2.0,1
210,1,0,40.0,0,0,0.060507970265993034,1.0,1
211,3,0,24.0,0,0,0.013760683560491965,0.0,1
212,2,1,35.0,0,0,0.04098927018018883,0.0,1
213,3,0,22.0,0,0,0.014151057562208049,0.0,1
214,2,0,30.0,0,0,0.025374310111545468,0.0,1
215,3,0,21.12447738647461,1,0,0.015126992566498259,2.0,0
216,1,1,31.0,1,0,0.22109807522194713,1.0,0
217,3,1,27.0,0,0,0.015468569817999833,0.0,1
218,2,0,42.0,1,0,0.05270049023167135,0.0,0
219,1,1,32.0,0,0,0.14891148113361488,1.0,1
220,2,0,30.0,0,0,0.020494635090094415,0.0,1
221,3,0,16.0,0,0,0.015712553569072387,0.0,1
222,2,0,27.0,0,0,0.025374310111545468,0.0,1
223,3,0,51.0,0,0,0.015712553569072387,0.0,1
224,3,0,25.73886489868164,0,0,0.015411575213749286,0.0,1
225,1,0,38.0,1,0,0.17566830077223786,0.0,0
226,3,0,22.0,0,0,0.018249984580226933,0.0,1
227,2,0,19.0,0,0,0.020494635090094415,0.0,1
228,3,0,20.5,0,0,0.014151057562208049,0.0,1
229,2,0,18.0,0,0,0.025374310111545468,0.0,1
230,3,1,2.2007627487182617,3,1,0.049707687947515,0.0,0
231,1,1,35.0,1,0,0.16293234896625058,0.0,0
232,3,0,29.0,0,0,0.015175789316712771,0.0,1
233,2,0,59.0,0,0,0.026350245115835676,0.0,1
234,3,1,5.0,4,2,0.06126431989431795,0.0,0
235,2,0,24.0,0,0,0.020494635090094415,0.0,1
236,3,1,23.217483520507812,0,0,0.014736618564782174,0.0,1
237,2,0,44.0,1,0,0.050748620223090936,0.0,0
238,2,1,8.0,0,2,0.05123658772523604,0.0,0
239,2,0,19.0,0,0,0.020494635090094415,0.0,1
240,2,0,33.0,0,0,0.023959204355324663,0.0,1
241,3,1,25.52479362487793,1,0,0.028212719478023115,1.0,0
242,3,1,25.35791015625,1,0,0.030253985132996517,2.0,0
243,2,0,29.0,0,0,0.020494635090094415,0.0,1
244,3,0,22.0,0,0,0.013907073811135496,0.0,1
245,3,0,30.0,0,0,0.014102260811993537,1.0,1
246,1,0,44.0,2,0,0.17566830077223786,2.0,0
247,3,1,25.0,0,0,0.015175789316712771,0.0,1
248,2,1,24.0,0,2,0.028302115124416098,0.0,0
249,1,0,37.0,1,1,0.10257896680493714,0.0,0
250,2,0,54.0,1,0,0.050748620223090936,0.0,0
251,3,0,26.477651596069336,0,0,0.014151057562208049,0.0,1
252,3,1,29.0,1,1,0.02042143996477265,0.0,0
253,1,0,62.0,0,0,0.051822148727810165,0.0,1
254,3,0,30.0,1,0,0.031425107138144774,0.0,0
255,3,1,41.0,0,2,0.039452172548431745,0.0,0
256,3,1,29.0,0,2,0.029757819776815374,1.0,0
257,1,1,29.021648406982422,0,0,0.15458810467956932,1.0,1
258,1,1,30.0,0,0,0.16883675574220638,0.0,1
259,1,1,35.0,0,0,1.0,1.0,1
260,2,1,50.0,0,1,0.050748620223090936,0.0,0
261,3,0,25.905658721923828,0,0,0.015126992566498259,2.0,1
262,3,0,3.0,4,2,0.06126431989431795,0.0,0
263,1,0,52.0,1,1,0.1554664461834305,0.0,0
264,1,0,40.0,0,0,0.0,0.0,1
265,3,1,23.556156158447266,0,0,0.015126992566498259,2.0,1
266,2,0,36.0,0,0,0.020494635090094415,0.0,1
267,3,0,16.0,4,1,0.07746484096553544,0.0,0
268,3,0,25.0,1,0,0.015175789316712771,0.0,0
269,1,1,58.0,0,1,0.2995388511917728,0.0,0
270,1,1,35.0,0,0,0.2647385704347907,0.0,1
271,1,0,48.065765380859375,0,0,0.060507970265993034,0.0,1
272,3,0,25.0,0,0,0.0,0.0,1
273,2,1,41.0,0,1,0.038061465167318204,0.0,0
274,1,0,37.0,0,1,0.057970539254838485,1.0,0
275,3,1,23.556156158447266,0,0,0.015126992566498259,2.0,1
276,1,1,63.0,1,0,0.15216446768991498,0.0,0
277,3,1,45.0,0,0,0.015126992566498259,0.0,1
278,2,0,38.754337310791016,0,0,0.0,0.0,1
279,3,0,7.0,4,1,0.05684821399990475,2.0,0
280,3,1,35.0,1,1,0.03952536767375352,0.0,0
281,3,0,65.0,0,0,0.015126992566498259,2.0,1
282,3,0,28.0,0,0,0.015330377421392339,0.0,1
283,3,0,16.0,0,0,0.018542765081513996,0.0,1
284,3,0,19.0,0,0,0.015712553569072387,0.0,1
285,1,0,45.150848388671875,0,0,0.050748620223090936,0.0,1
286,3,0,33.0,0,0,0.016908073949327893,1.0,1
287,3,0,30.0,0,0,0.018542765081513996,0.0,1
288,3,0,22.0,0,0,0.015411575213749286,0.0,1
289,2,0,42.0,0,0,0.025374310111545468,0.0,1
290,3,1,22.0,0,0,0.015126992566498259,2.0,1
291,1,1,26.0,0,0,0.15390495017656614,0.0,1
292,1,1,19.0,1,0,0.17777475888549785,1.0,0
293,2,0,36.0,0,0,0.025130326360472913,1.0,1
294,3,1,24.0,0,0,0.01727404957593672,0.0,1
295,3,0,24.0,0,0,0.015411575213749286,0.0,1
296,1,0,45.38953399658203,0,0,0.05410739813385612,1.0,1
297,3,0,23.5,0,0,0.014110458666029575,1.0,1
298,1,1,2.0,1,2,0.29580589980036276,0.0,0
299,1,0,47.60328674316406,0,0,0.05953203526170282,0.0,1
300,1,1,50.0,0,1,0.4831284260198326,1.0,0
301,3,1,23.556156158447266,0,0,0.015126992566498259,2.0,1
302,3,0,20.386150360107422,2,0,0.04538097769949478,2.0,0
303,3,0,19.0,0,0,0.0,0.0,1
304,2,1,31.7127742767334,0,0,0.024105594605968193,2.0,1
305,3,0,25.562461853027344,0,0,0.015712553569072387,0.0,1
306,1,0,0.92,1,2,0.29580589980036276,0.0,0
307,1,1,33.039833068847656,0,0,0.21642978772242535,1.0,1
308,1,1,17.0,1,0,0.2125586439344078,1.0,0
309,2,0,30.0,1,0,0.04684488020593009,1.0,0
310,1,1,30.0,0,0,0.11111839809247648,1.0,1
311,1,1,24.0,0,0,0.16231419173453318,1.0,1
312,1,1,18.0,2,2,0.5121218935012878,1.0,0
313,2,1,26.0,1,1,0.050748620223090936,0.0,0
314,3,0,28.0,0,0,0.015411575213749286,0.0,1
315,2,0,43.0,1,1,0.05123658772523604,0.0,0
316,3,1,26.0,0,0,0.015330377421392339,0.0,1
317,2,1,24.0,1,0,0.050748620223090936,0.0,0
318,2,0,54.0,0,0,0.027326180120125887,0.0,1
319,1,1,31.0,0,2,0.32179836714362564,0.0,0
320,1,1,40.0,1,1,0.2625265161540666,1.0,0
321,3,0,22.0,0,0,0.014151057562208049,0.0,1
322,3,0,27.0,0,0,0.015411575213749286,0.0,1
323,2,1,30.0,0,0,0.024105594605968193,2.0,1
324,2,1,22.0,1,1,0.056604230248832196,0.0,0
325,3,0,14.116209983825684,8,2,0.13575255909676825,0.0,0
326,1,1,36.0,0,0,0.2647385704347907,1.0,1
327,3,0,61.0,0,0,0.012174789178520372,0.0,1
328,2,1,36.0,0,0,0.025374310111545468,0.0,1
329,3,1,31.0,1,1,0.04006213192611313,0.0,0
330,1,1,16.0,0,1,0.11316786160148591,1.0,0
331,3,1,17.596431732177734,2,0,0.04538097769949478,2.0,0
332,1,0,45.5,0,0,0.055628295244541985,0.0,1
333,1,0,38.0,0,1,0.2995388511917728,0.0,0
334,3,0,16.0,2,0,0.03513366015444757,0.0,0
335,1,1,26.515045166015625,1,0,0.2608674266467732,0.0,0
336,3,0,25.73886489868164,0,0,0.015411575213749286,0.0,1
337,1,0,29.0,1,0,0.12999454257145598,0.0,0
338,1,1,41.0,0,0,0.2625265161540666,1.0,1
339,3,0,45.0,0,0,0.015712553569072387,0.0,1
340,1,0,45.0,0,0,0.06929138530460494,0.0,1
341,2,0,2.0,1,1,0.050748620223090936,0.0,0
342,1,1,24.0,3,2,0.5133418122566507,0.0,0
343,2,0,28.0,0,0,0.025374310111545468,0.0,1
344,2,0,25.0,0,0,0.025374310111545468,0.0,1
345,2,0,36.0,0,0,0.025374310111545468,0.0,1
346,2,1,24.0,0,0,0.025374310111545468,0.0,1
347,2,1,40.0,0,0,0.025374310111545468,0.0,1
348,3,1,25.262157440185547,1,0,0.031425107138144774,0.0,0
349,3,0,3.0,1,1,0.031034733136428686,0.0,0
350,3,0,42.0,0,0,0.016908073949327893,0.0,1
351,3,0,23.0,0,0,0.01800600082915438,0.0,1
352,1,0,49.11442184448242,0,0,0.06831545030031472,0.0,1
353,3,0,15.0,1,1,0.014110458666029575,1.0,0
354,3,0,25.0,1,0,0.034743286152731485,0.0,0
355,3,0,26.506254196166992,0,0,0.014102260811993537,1.0,1
356,3,0,28.0,0,0,0.018542765081513996,0.0,1
357,1,1,22.0,0,1,0.10735285047192313,0.0,0
358,2,1,38.0,0,0,0.025374310111545468,0.0,1
359,3,1,23.697689056396484,0,0,0.01537917417160685,2.0,1
360,3,1,23.697689056396484,0,0,0.01537917417160685,2.0,1
361,3,0,40.0,1,4,0.05445717323939373,0.0,0
362,2,0,29.0,1,0,0.05410739813385612,1.0,0
363,3,1,45.0,0,1,0.028212719478023115,1.0,0
364,3,0,35.0,0,0,0.013760683560491965,0.0,1
365,3,0,28.41485595703125,1,0,0.030253985132996517,2.0,0
366,3,0,30.0,0,0,0.014151057562208049,0.0,1
367,1,1,60.0,1,0,0.14687821814567664,1.0,0
368,3,1,22.04174041748047,0,0,0.014110458666029575,1.0,1
369,3,1,23.556156158447266,0,0,0.015126992566498259,2.0,1
370,1,1,24.0,0,0,0.13526459159462315,1.0,1
371,1,0,25.0,1,0,0.1082149914547131,1.0,0
372,3,0,18.0,1,0,0.012678957201736696,0.0,0
373,3,0,19.0,0,0,0.015712553569072387,0.0,1
374,1,0,22.0,0,0,0.2647385704347907,1.0,1
375,3,1,3.0,3,1,0.04113566043083236,0.0,0
376,1,1,45.47711181640625,1,0,0.16038672010106003,1.0,0
377,3,1,22.0,0,0,0.014151057562208049,0.0,1
378,1,0,27.0,0,2,0.41282050681475896,1.0,0
379,3,0,20.0,0,0,0.007831878409428937,1.0,1
380,3,0,19.0,0,0,0.015175789316712771,0.0,1
381,1,1,42.0,0,0,0.4440992237022602,1.0,1
382,3,1,1.0,0,2,0.030725752114070404,1.0,0
383,3,0,32.0,0,0,0.015468569817999833,0.0,1
384,1,1,35.0,1,0,0.10149724044618187,0.0,0
385,3,0,25.73886489868164,0,0,0.015411575213749286,0.0,1
386,2,0,18.0,0,0,0.1434624456306609,0.0,1
387,3,0,1.0,5,2,0.09154270340242172,0.0,0
388,2,1,36.0,0,0,0.025374310111545468,0.0,1
389,3,0,25.92945098876953,0,0,0.015086393670319786,2.0,1
390,2,1,17.0,0,0,0.023422440102965045,1.0,1
391,1,0,36.0,1,2,0.23422440102965048,0.0,0
392,3,0,21.0,0,0,0.015216388212891242,0.0,1
393,3,0,28.0,2,0,0.015468569817999833,0.0,0
394,1,1,23.0,1,0,0.22109807522194713,1.0,0
395,3,1,24.0,0,2,0.03259622914329302,0.0,0
396,3,0,22.0,0,0,0.015216388212891242,0.0,1
397,3,1,31.0,0,0,0.015330377421392339,0.0,1
398,2,0,46.0,0,0,0.050748620223090936,0.0,1
399,2,0,23.0,0,0,0.020494635090094415,0.0,1
400,2,1,28.0,0,0,0.02469115560854232,0.0,1
401,3,0,39.0,0,0,0.015468569817999833,0.0,1
402,3,0,26.0,0,0,0.015712553569072387,0.0,1
403,3,1,21.0,1,0,0.019177122834302632,0.0,0
404,3,0,28.0,1,0,0.030937139635999665,0.0,0
405,3,1,20.0,0,0,0.016908073949327893,0.0,1
406,2,0,34.0,1,0,0.04098927018018883,0.0,0
407,3,0,51.0,0,0,0.015126992566498259,0.0,1
408,2,0,3.0,1,1,0.03659756266088288,0.0,0
409,3,0,21.0,0,0,0.015175789316712771,0.0,1
410,3,1,2.2007627487182617,3,1,0.049707687947515,0.0,0
411,3,0,25.73886489868164,0,0,0.015411575213749286,0.0,1
412,3,0,26.94589614868164,0,0,0.013386510079847098,2.0,1
413,1,1,33.0,1,0,0.17566830077223786,2.0,0
414,2,0,38.754337310791016,0,0,0.0,0.0,1
415,3,0,44.0,0,0,0.015468569817999833,0.0,1
416,3,1,23.692474365234375,0,0,0.015712553569072387,0.0,1
417,2,1,34.0,1,1,0.06343577527886367,0.0,0
418,2,1,18.0,0,2,0.025374310111545468,0.0,0
419,2,0,30.0,0,0,0.025374310111545468,0.0,1
420,3,1,10.0,0,2,0.04713766070721715,0.0,0
421,3,0,25.73886489868164,0,0,0.015411575213749286,1.0,1
422,3,0,21.0,0,0,0.015094396337354966,2.0,1
423,3,0,29.0,0,0,0.015370976317570811,0.0,1
424,3,1,28.0,1,1,0.028106928123558056,0.0,0
425,3,0,18.0,1,1,0.039452172548431745,0.0,0
426,3,0,26.477651596069336,0,0,0.014151057562208049,0.0,1
427,2,1,28.0,1,0,0.050748620223090936,0.0,0
428,2,1,19.0,0,0,0.050748620223090936,0.0,1
429,3,0,25.905658721923828,0,0,0.015126992566498259,2.0,1
430,3,0,32.0,0,0,0.015712553569072387,0.0,1
431,1,0,28.0,0,0,0.051822148727810165,0.0,1
432,3,1,25.262157440185547,1,0,0.031425107138144774,0.0,0
433,2,1,42.0,1,0,0.050748620223090936,0.0,0
434,3,0,17.0,0,0,0.013907073811135496,0.0,1
435,1,0,50.0,1,0,0.1091095334796455,0.0,0
436,1,1,14.0,1,2,0.23422440102965048,0.0,0
437,3,1,21.0,2,2,0.06709553154495196,0.0,0
438,2,1,24.0,2,3,0.03659756266088288,0.0,0
439,1,0,64.0,1,4,0.5133418122566507,0.0,0
440,2,0,31.0,0,0,0.020494635090094415,0.0,1
441,2,1,45.0,1,1,0.05123658772523604,0.0,0
442,3,0,20.0,0,0,0.018542765081513996,0.0,1
443,3,0,25.0,1,0,0.015175789316712771,0.0,0
444,2,1,28.0,0,0,0.025374310111545468,0.0,1
445,3,0,25.492816925048828,0,0,0.015834545444608664,0.0,1
446,1,0,4.0,0,2,0.15977676072337862,0.0,0
447,2,1,13.0,0,1,0.038061465167318204,0.0,0
448,1,0,34.0,0,0,0.051822148727810165,0.0,1
449,3,1,5.0,2,1,0.03758969818624431,1.0,0
450,1,0,52.0,0,0,0.05953203526170282,0.0,1
451,2,0,36.0,1,2,0.05416439273810667,0.0,0
452,3,0,36.75676727294922,1,0,0.03897240290032268,0.0,0
453,1,0,30.0,0,0,0.05416439273810667,1.0,1
454,1,0,49.0,1,0,0.17391981561855152,1.0,0
455,3,0,25.562461853027344,0,0,0.015712553569072387,0.0,1
456,3,0,29.0,0,0,0.015411575213749286,1.0,1
457,1,0,65.0,0,0,0.051822148727810165,0.0,1
458,1,1,35.35615539550781,1,0,0.10122885832000206,0.0,0
459,2,1,50.0,0,0,0.020494635090094415,0.0,1
460,3,0,25.905658721923828,0,0,0.015126992566498259,2.0,1
461,1,0,48.0,0,0,0.051822148727810165,0.0,1
462,3,0,34.0,0,0,0.015712553569072387,0.0,1
463,1,0,47.0,0,0,0.07514699533034619,0.0,1
464,2,0,48.0,0,0,0.025374310111545468,0.0,1
465,3,0,25.562461853027344,0,0,0.015712553569072387,0.0,1
466,3,0,38.0,0,0,0.013760683560491965,0.0,1
467,2,0,38.754337310791016,0,0,0.0,0.0,1
468,1,0,56.0,0,0,0.051822148727810165,0.0,1
469,3,0,25.93425750732422,0,0,0.015078195816283748,2.0,1
470,3,1,0.75,2,1,0.03758969818624431,1.0,0
471,3,0,26.477651596069336,0,0,0.014151057562208049,0.0,1
472,3,0,38.0,0,0,0.016908073949327893,0.0,1
473,2,1,33.0,1,2,0.05416439273810667,0.0,0
474,2,1,23.0,0,0,0.026919605597338588,1.0,1
475,3,1,22.0,0,0,0.019201521209409888,0.0,1
476,1,0,48.647151947021484,0,0,0.10149724044618187,0.0,1
477,2,0,34.0,1,0,0.04098927018018883,0.0,0
478,3,0,29.0,1,0,0.013752485706455927,0.0,0
479,3,0,22.0,0,0,0.014679623960531627,0.0,1
480,3,1,2.0,0,1,0.023983602730431916,0.0,0
481,3,0,9.0,5,2,0.09154270340242172,0.0,0
482,2,0,38.754337310791016,0,0,0.0,0.0,1
483,3,0,50.0,0,0,0.015712553569072387,0.0,1
484,3,1,63.0,0,0,0.018713553707264782,0.0,1
485,1,0,25.0,1,0,0.17777475888549785,1.0,0
486,3,1,2.2007627487182617,3,1,0.049707687947515,0.0,0
487,1,1,35.0,1,0,0.17566830077223786,0.0,0
488,1,0,58.0,0,0,0.057970539254838485,1.0,1
489,3,0,30.0,0,0,0.015712553569072387,0.0,1
490,3,0,9.0,1,1,0.031034733136428686,0.0,0
491,3,0,36.75676727294922,1,0,0.03897240290032268,0.0,0
492,3,0,21.0,0,0,0.014151057562208049,0.0,1
493,1,0,55.0,0,0,0.05953203526170282,0.0,1
494,1,0,71.0,0,0,0.09662576327876685,1.0,1
495,3,0,21.0,0,0,0.015712553569072387,0.0,1
496,3,0,21.287105560302734,0,0,0.028220722145058292,1.0,1
497,1,1,54.0,1,0,0.1527664244005612,1.0,0
498,3,0,20.960622787475586,0,0,0.029473237129564348,0.0,1
499,1,1,25.0,1,2,0.29580589980036276,0.0,0
500,3,0,24.0,0,0,0.015216388212891242,0.0,1
501,3,0,17.0,0,0,0.016908073949327893,0.0,1
502,3,1,21.0,0,0,0.015126992566498259,2.0,1
503,3,1,23.405288696289062,0,0,0.014891206669461744,2.0,1
504,3,1,37.0,0,0,0.018713553707264782,0.0,1
505,1,1,16.0,0,0,0.16883675574220638,0.0,1
506,1,0,18.0,1,0,0.2125586439344078,1.0,0
507,2,1,33.0,0,2,0.050748620223090936,0.0,0
508,1,0,45.185333251953125,0,0,0.051822148727810165,0.0,1
509,3,0,28.0,0,0,0.04396587194327397,0.0,1
510,3,0,26.0,0,0,0.11027245763075773,0.0,1
511,3,0,29.0,0,0,0.015126992566498259,2.0,1
512,3,0,25.562461853027344,0,0,0.015712553569072387,0.0,1
513,1,0,36.0,0,0,0.05130978285055781,0.0,1
514,1,1,54.0,1,0,0.11594107850967697,1.0,0
515,3,0,24.0,0,0,0.014630827210317117,0.0,1
516,1,0,47.0,0,0,0.06640417918791278,0.0,1
517,2,1,34.0,0,0,0.020494635090094415,0.0,1
518,3,0,41.22584915161133,0,0,0.04713766070721715,2.0,1
519,2,1,36.0,1,0,0.050748620223090936,0.0,0
520,3,0,32.0,0,0,0.015411575213749286,0.0,1
521,1,1,30.0,0,0,0.18249984580226933,0.0,1
522,3,0,22.0,0,0,0.015411575213749286,0.0,1
523,3,0,26.506254196166992,0,0,0.014102260811993537,1.0,1
524,1,1,44.0,0,1,0.11316786160148591,1.0,0
525,3,0,26.501447677612305,0,0,0.014110458666029575,1.0,1
526,3,0,40.5,0,0,0.015126992566498259,2.0,1
527,2,1,50.0,0,0,0.020494635090094415,0.0,1
528,1,0,33.48146057128906,0,0,0.4328841690069588,0.0,1
529,3,0,39.0,0,0,0.015468569817999833,0.0,1
530,2,0,23.0,2,1,0.022446505098674838,0.0,0
531,2,1,2.0,1,1,0.050748620223090936,0.0,0
532,3,0,26.501447677612305,0,0,0.014110458666029575,1.0,1
533,3,0,17.0,1,1,0.014110458666029575,1.0,0
534,3,1,28.189971923828125,0,2,0.04364049521284362,1.0,0
535,3,1,30.0,0,0,0.016908073949327893,0.0,1
536,2,1,7.0,0,2,0.05123658772523604,0.0,0
537,1,0,45.0,0,0,0.051822148727810165,0.0,1
538,1,1,30.0,0,0,0.20772776566317125,1.0,1
539,3,0,21.265893936157227,0,0,0.028302115124416098,0.0,1
540,1,1,22.0,0,2,0.09661756542473082,1.0,0
541,1,1,36.0,0,2,0.13858277060920987,0.0,0
542,3,1,9.0,4,2,0.06104473451835265,0.0,0
543,3,1,11.0,4,2,0.06104473451835265,0.0,0
544,2,0,32.0,1,0,0.050748620223090936,0.0,0
545,1,0,50.0,1,0,0.20772776566317125,1.0,0
546,1,0,64.0,0,0,0.050748620223090936,0.0,1
547,2,1,19.0,1,0,0.050748620223090936,0.0,0
548,2,0,35.84211730957031,0,0,0.02705779799394608,1.0,1
549,3,0,33.0,1,1,0.04006213192611313,0.0,0
550,2,0,8.0,1,1,0.07173122281533045,0.0,0
551,1,0,17.0,0,2,0.21642978772242535,1.0,0
552,2,0,27.0,0,0,0.050748620223090936,0.0,1
553,3,0,25.81505584716797,0,0,0.015281580671177828,2.0,1
554,3,0,22.0,0,0,0.014102260811993537,1.0,1
555,3,1,22.0,0,0,0.015175789316712771,0.0,1
556,1,0,62.0,0,0,0.051822148727810165,0.0,1
557,1,1,48.0,1,0,0.07729405233978466,1.0,0
558,1,0,32.457733154296875,0,0,0.4440992237022602,1.0,1
559,1,1,39.0,1,1,0.1554664461834305,0.0,0
560,3,1,36.0,1,0,0.033962538149299316,0.0,0
561,3,0,25.905658721923828,0,0,0.015126992566498259,2.0,1
562,3,0,40.0,0,0,0.015411575213749286,0.0,1
563,2,0,28.0,0,0,0.026350245115835676,0.0,1
564,3,0,25.562461853027344,0,0,0.015712553569072387,0.0,1
565,3,1,23.692474365234375,0,0,0.015712553569072387,0.0,1
566,3,0,24.0,2,0,0.04713766070721715,0.0,0
567,3,0,19.0,0,0,0.015411575213749286,0.0,1
568,3,1,29.0,0,4,0.04113566043083236,0.0,0
569,3,0,26.501447677612305,0,0,0.014110458666029575,1.0,1
570,3,0,32.0,0,0,0.015330377421392339,0.0,1
571,2,0,62.0,0,0,0.020494635090094415,0.0,1
572,1,1,53.0,2,0,0.10048070654571319,0.0,0
573,1,0,36.0,0,0,0.051504969851415845,0.0,1
574,3,1,23.556156158447266,0,0,0.015126992566498259,2.0,1
575,3,0,16.0,0,0,0.015712553569072387,0.0,1
576,3,0,19.0,0,0,0.028302115124416098,0.0,1
577,2,1,34.0,0,0,0.025374310111545468,0.0,1
578,1,1,39.0,1,0,0.1091095334796455,0.0,0
579,3,1,25.524139404296875,1,0,0.028220722145058292,1.0,0
580,3,0,32.0,0,0,0.015468569817999833,0.0,1
581,2,1,25.0,1,1,0.05855610025741262,0.0,0
582,1,1,39.0,1,1,0.21642978772242535,1.0,0
583,2,0,54.0,0,0,0.050748620223090936,0.0,1
584,1,0,36.0,0,0,0.07831878409428937,1.0,1
585,3,0,24.8584041595459,0,0,0.017005667449756914,1.0,1
586,1,1,18.0,0,2,0.1554664461834305,0.0,0
587,2,0,47.0,0,0,0.02927805012870631,0.0,1
588,1,0,60.0,1,1,0.15458810467956932,1.0,0
589,3,0,22.0,0,0,0.015712553569072387,0.0,1
590,3,0,25.562461853027344,0,0,0.015712553569072387,0.0,1
591,3,0,35.0,0,0,0.013907073811135496,0.0,1
592,1,1,52.0,1,0,0.1527664244005612,1.0,0
593,3,0,47.0,0,0,0.014151057562208049,0.0,1
594,3,1,9.470171928405762,0,2,0.015126992566498259,2.0,0
595,2,0,37.0,1,0,0.050748620223090936,0.0,0
596,3,0,36.0,1,1,0.04713766070721715,0.0,0
597,2,1,21.466360092163086,0,0,0.06441171028315387,0.0,1
598,3,0,49.0,0,0,0.0,0.0,1
599,3,0,26.506254196166992,0,0,0.014102260811993537,1.0,1
600,1,0,49.0,1,0,0.11111839809247648,1.0,0
601,2,1,24.0,2,1,0.05270049023167135,0.0,0
602,3,0,25.73886489868164,0,0,0.015411575213749286,0.0,1
603,1,0,46.265464782714844,0,0,0.08275928836380983,0.0,1
604,3,0,44.0,0,0,0.015712553569072387,0.0,1
605,1,0,35.0,0,0,0.051822148727810165,1.0,1
606,3,0,36.0,1,0,0.030351578633425542,0.0,0
607,3,0,30.0,0,0,0.015411575213749286,0.0,1
608,1,0,27.0,0,0,0.05953203526170282,0.0,1
609,2,1,22.0,1,2,0.08115719346076702,1.0,0
610,1,1,40.0,0,0,0.2995388511917728,0.0,1
611,3,1,39.0,1,5,0.06104473451835265,0.0,0
612,3,0,26.706451416015625,0,0,0.013760683560491965,0.0,1
613,3,1,25.35791015625,1,0,0.030253985132996517,2.0,0
614,3,0,25.905658721923828,0,0,0.015126992566498259,2.0,1
615,3,0,35.0,0,0,0.015712553569072387,0.0,1
616,2,1,24.0,1,2,0.12687155055772734,0.0,0
617,3,0,34.0,1,1,0.028106928123558056,0.0,0
618,3,1,26.0,1,0,0.031425107138144774,0.0,0
619,2,1,4.0,2,1,0.07612293033463641,0.0,0
620,2,0,26.0,0,0,0.020494635090094415,0.0,1
621,3,0,27.0,1,0,0.028212719478023115,1.0,0
622,1,0,42.0,1,0,0.10257896680493714,0.0,0
623,3,0,20.0,1,1,0.030725752114070404,1.0,0
624,3,0,21.0,0,0,0.015330377421392339,0.0,1
625,3,0,21.0,0,0,0.031425107138144774,0.0,1
626,1,0,61.0,0,0,0.06308600017332605,0.0,1
627,2,0,57.0,0,0,0.024105594605968193,2.0,1
628,1,1,21.0,0,0,0.15216446768991498,0.0,1
629,3,0,26.0,0,0,0.015411575213749286,0.0,1
630,3,0,25.924766540527344,0,0,0.015094396337354966,2.0,1
631,1,0,80.0,0,0,0.05855610025741262,0.0,1
632,3,0,51.0,0,0,0.013768881414528002,0.0,1
633,1,0,32.0,0,0,0.05953203526170282,1.0,1
634,1,0,39.18463897705078,0,0,0.0,0.0,1
635,3,1,9.0,3,2,0.05445717323939373,0.0,0
636,2,1,28.0,0,0,0.025374310111545468,0.0,1
637,3,0,32.0,0,0,0.015468569817999833,0.0,1
638,2,0,31.0,1,1,0.05123658772523604,0.0,0
639,3,1,41.0,0,5,0.07746484096553544,0.0,0
640,3,0,29.575885772705078,1,0,0.031425107138144774,0.0,0
641,3,0,20.0,0,0,0.015330377421392339,0.0,1
642,1,1,24.0,0,0,0.13526459159462315,1.0,1
643,3,1,2.0,3,2,0.05445717323939373,0.0,0
644,3,0,30.374549865722656,0,0,0.11027245763075773,0.0,1
645,3,1,0.75,2,1,0.03758969818624431,1.0,0
646,1,0,48.0,1,0,0.1497654242623688,1.0,0
647,3,0,19.0,0,0,0.015411575213749286,0.0,1
648,1,0,56.0,0,0,0.06929138530460494,1.0,1
649,3,0,26.134456634521484,0,0,0.014736618564782174,0.0,1
650,3,1,23.0,0,0,0.014736618564782174,0.0,1
651,3,0,25.73886489868164,0,0,0.015411575213749286,0.0,1
652,2,1,18.0,0,1,0.044893010197349675,0.0,0
653,3,0,21.0,0,0,0.01646070534336126,0.0,1
654,3,1,23.642919540405273,0,0,0.015281580671177828,2.0,1
655,3,1,18.0,0,0,0.013175122557917838,2.0,1
656,2,0,24.0,2,0,0.1434624456306609,0.0,0
657,3,0,25.73886489868164,0,0,0.015411575213749286,0.0,1
658,3,1,32.0,1,1,0.030253985132996517,2.0,0
659,2,0,23.0,0,0,0.025374310111545468,0.0,1
660,1,0,58.0,0,2,0.22109807522194713,1.0,0
661,1,0,50.0,2,0,0.2608674266467732,0.0,0
662,3,0,40.0,0,0,0.014102260811993537,1.0,1
663,1,0,47.0,0,0,0.04994347384455151,0.0,1
664,3,0,36.0,0,0,0.014630827210317117,0.0,1
665,3,0,20.0,1,0,0.015468569817999833,0.0,0
666,2,0,32.0,2,0,0.1434624456306609,0.0,0
667,2,0,25.0,0,0,0.025374310111545468,0.0,1
668,3,0,25.877058029174805,0,0,0.015175789316712771,0.0,1
669,3,0,43.0,0,0,0.015712553569072387,0.0,1
670,1,1,35.33123016357422,1,0,0.10149724044618187,0.0,0
671,2,1,40.0,1,1,0.07612293033463641,0.0,0
672,1,0,31.0,1,0,0.10149724044618187,0.0,0
673,2,0,70.0,0,0,0.020494635090094415,0.0,1
674,2,0,31.0,0,0,0.025374310111545468,0.0,1
675,2,0,38.754337310791016,0,0,0.0,0.0,1
676,3,0,18.0,0,0,0.015175789316712771,0.0,1
677,3,0,24.5,0,0,0.015712553569072387,0.0,1
678,3,1,18.0,0,0,0.019209719063445922,0.0,1
679,3,1,43.0,1,6,0.09154270340242172,0.0,0
680,1,0,36.0,0,1,1.0,1.0,0
681,3,1,23.679603576660156,0,0,0.01588334219482317,2.0,1
682,1,0,27.0,0,0,0.1497654242623688,1.0,1
683,3,0,20.0,0,0,0.01800600082915438,0.0,1
684,3,0,14.0,5,2,0.09154270340242172,0.0,0
685,2,0,60.0,1,1,0.07612293033463641,0.0,0
686,2,0,25.0,1,2,0.08115719346076702,1.0,0
687,3,0,14.0,4,1,0.07746484096553544,0.0,0
688,3,0,19.0,0,0,0.019852079483269742,0.0,1
689,3,0,18.0,0,0,0.015216388212891242,0.0,1
690,1,1,15.0,0,1,0.41250332793836464,0.0,0
691,1,0,31.0,1,0,0.11125659048908397,0.0,0
692,3,1,4.0,0,1,0.026187654344120927,1.0,0
693,3,0,30.374549865722656,0,0,0.11027245763075773,0.0,1
694,3,0,25.0,0,0,0.014102260811993537,1.0,1
695,1,0,60.0,0,0,0.051822148727810165,0.0,1
696,2,0,52.0,0,0,0.026350245115835676,0.0,1
697,3,0,44.0,0,0,0.015712553569072387,0.0,1
698,3,1,23.537860870361328,0,0,0.015094396337354966,2.0,1
699,1,0,49.0,1,1,0.21642978772242535,1.0,0
700,3,0,42.0,0,0,0.014931805565640218,0.0,1
701,1,1,18.0,1,0,0.4440992237022602,1.0,0
702,1,0,35.0,0,0,0.05130978285055781,0.0,1
703,3,1,18.0,0,1,0.028212719478023115,1.0,0
704,3,0,25.0,0,0,0.015110792045427042,2.0,1
705,3,0,26.0,1,0,0.015330377421392339,0.0,0
706,2,0,39.0,0,0,0.050748620223090936,0.0,1
707,2,1,45.0,0,0,0.026350245115835676,0.0,1
708,1,0,42.0,0,0,0.05130978285055781,0.0,1
709,1,1,22.0,0,0,0.29580589980036276,0.0,1
710,3,0,8.912067413330078,1,1,0.029757819776815374,1.0,0
711,1,1,24.0,0,0,0.09662576327876685,1.0,1
712,1,0,45.185333251953125,0,0,0.051822148727810165,0.0,1
713,1,0,48.0,1,0,0.10149724044618187,0.0,0
714,3,0,29.0,0,0,0.018510168852370702,0.0,1
715,2,0,52.0,0,0,0.025374310111545468,0.0,1
716,3,0,19.0,0,0,0.014931805565640218,0.0,1
717,1,1,38.0,0,0,0.4440992237022602,1.0,1
718,2,1,27.0,0,0,0.020494635090094415,0.0,1
719,3,0,20.757095336914062,0,0,0.030253985132996517,2.0,1
720,3,0,33.0,0,0,0.015175789316712771,0.0,1
721,2,1,6.0,0,1,0.06441171028315387,0.0,0
722,3,0,17.0,1,0,0.013768881414528002,0.0,0
723,2,0,34.0,0,0,0.025374310111545468,0.0,1
724,2,0,50.0,0,0,0.025374310111545468,0.0,1
725,1,0,27.0,1,0,0.10364429745562033,0.0,0
726,3,0,20.0,0,0,0.016908073949327893,0.0,1
727,2,1,30.0,3,0,0.04098927018018883,0.0,0
728,3,1,23.542463302612305,0,0,0.015102594191391004,2.0,1
729,2,0,25.0,1,0,0.050748620223090936,0.0,0
730,3,1,25.0,1,0,0.015468569817999833,0.0,0
731,1,1,29.0,0,0,0.41250332793836464,0.0,1
732,3,0,11.0,0,0,0.036670757786204655,1.0,1
733,2,0,38.754337310791016,0,0,0.0,0.0,1
734,2,0,23.0,0,0,0.025374310111545468,0.0,1
735,2,0,23.0,0,0,0.025374310111545468,0.0,1
736,3,0,28.5,0,0,0.031425107138144774,0.0,1
737,3,1,48.0,1,3,0.06709553154495196,0.0,0
738,1,0,35.0,0,0,1.0,1.0,1
739,3,0,25.73886489868164,0,0,0.015411575213749286,0.0,1
740,3,0,25.73886489868164,0,0,0.015411575213749286,0.0,1
741,1,0,47.13701629638672,0,0,0.05855610025741262,0.0,1
742,1,0,36.0,1,0,0.15390495017656614,0.0,0
743,1,1,21.0,2,2,0.5121218935012878,1.0,0
744,3,0,24.0,1,0,0.031425107138144774,0.0,0
745,3,0,31.0,0,0,0.015468569817999833,0.0,1
746,1,0,70.0,1,1,0.13858277060920987,0.0,0
747,3,0,16.0,1,1,0.03952536767375352,0.0,0
748,2,1,30.0,0,0,0.025374310111545468,0.0,1
749,1,0,19.0,1,0,0.10364429745562033,0.0,0
750,3,0,31.0,0,0,0.015126992566498259,2.0,1
751,2,1,4.0,1,1,0.044893010197349675,0.0,0
752,3,0,6.0,0,1,0.024349578357040744,0.0,0
753,3,0,33.0,0,0,0.018542765081513996,0.0,1
754,3,0,23.0,0,0,0.015411575213749286,0.0,1
755,2,1,48.0,1,2,0.12687155055772734,0.0,0
756,2,0,0.67,1,1,0.028302115124416098,0.0,0
757,3,0,28.0,0,0,0.015216388212891242,0.0,1
758,2,0,18.0,0,0,0.022446505098674838,0.0,1
759,3,0,34.0,0,0,0.015712553569072387,0.0,1
760,1,1,33.0,0,0,0.16883675574220638,0.0,1
761,3,0,21.265893936157227,0,0,0.028302115124416098,0.0,1
762,3,0,41.0,0,0,0.013907073811135496,0.0,1
763,3,0,20.0,0,0,0.014110458666029575,1.0,1
764,1,1,36.0,1,2,0.23422440102965048,0.0,0
765,3,0,16.0,0,0,0.015175789316712771,0.0,1
766,1,1,51.0,1,0,0.15216446768991498,0.0,0
767,1,0,47.34492492675781,0,0,0.07729405233978466,1.0,1
768,3,1,30.5,0,0,0.015126992566498259,2.0,1
769,3,0,46.77400588989258,1,0,0.04713766070721715,2.0,0
770,3,0,32.0,0,0,0.016322512946753766,0.0,1
771,3,0,24.0,0,0,0.018542765081513996,0.0,1
772,3,0,48.0,0,0,0.015330377421392339,0.0,1
773,2,1,57.0,0,0,0.020494635090094415,0.0,1
774,3,0,26.506254196166992,0,0,0.014102260811993537,1.0,1
775,2,1,54.0,1,3,0.044893010197349675,0.0,0
776,3,0,18.0,0,0,0.015126992566498259,0.0,1
777,3,0,25.905658721923828,0,0,0.015126992566498259,2.0,1
778,3,1,5.0,0,0,0.024349578357040744,0.0,1
779,3,0,25.919960021972656,0,0,0.015102594191391004,2.0,1
780,1,1,43.0,0,1,0.41250332793836464,0.0,0
781,3,1,13.0,0,0,0.014110458666029575,1.0,1
782,1,1,17.0,1,0,0.11125659048908397,0.0,0
783,1,0,29.0,0,0,0.05855610025741262,0.0,1
784,3,0,15.524001121520996,1,2,0.04577135170121086,0.0,0
785,3,0,25.0,0,0,0.013760683560491965,0.0,1
786,3,0,25.0,0,0,0.014151057562208049,0.0,1
787,3,1,18.0,0,0,0.014630827210317117,0.0,1
788,3,0,8.0,4,1,0.05684821399990475,2.0,0
789,3,0,1.0,1,2,0.04015972542654215,0.0,0
790,1,0,46.0,0,0,0.15458810467956932,1.0,1
791,3,0,25.905658721923828,0,0,0.015126992566498259,2.0,1
792,2,0,16.0,0,0,0.050748620223090936,0.0,1
793,3,1,36.1191520690918,8,2,0.13575255909676825,0.0,0
794,1,0,47.784385681152344,0,0,0.05991421140938287,1.0,1
795,3,0,25.0,0,0,0.015411575213749286,0.0,1
796,2,0,39.0,0,0,0.025374310111545468,0.0,1
797,1,1,49.0,0,0,0.050610427826483444,0.0,1
798,3,1,31.0,0,0,0.016948672845506364,0.0,1
799,3,0,30.0,0,0,0.014110458666029575,1.0,1
800,3,1,30.0,1,1,0.04713766070721715,0.0,0
801,2,0,34.0,0,0,0.025374310111545468,0.0,1
802,2,1,31.0,1,1,0.05123658772523604,0.0,0
803,1,0,11.0,1,2,0.23422440102965048,0.0,0
804,3,0,0.42,0,1,0.016623491302076868,1.0,0
805,3,0,27.0,0,0,0.013614293309848433,0.0,1
806,3,0,31.0,0,0,0.015175789316712771,0.0,1
807,1,0,39.0,0,0,0.0,0.0,1
808,3,1,18.0,0,0,0.015175789316712771,0.0,1
809,2,0,39.0,0,0,0.025374310111545468,0.0,1
810,1,1,33.0,1,0,0.10364429745562033,0.0,0
811,3,0,26.0,0,0,0.015395374692678068,0.0,1
812,3,0,39.0,0,0,0.04713766070721715,0.0,1
813,2,0,35.0,0,0,0.020494635090094415,0.0,1
814,3,1,6.0,4,2,0.06104473451835265,0.0,0
815,3,0,30.5,0,0,0.015712553569072387,0.0,1
816,1,0,39.18463897705078,0,0,0.0,0.0,1
817,3,1,23.0,0,0,0.015468569817999833,0.0,1
818,2,0,31.0,1,1,0.07222738817151159,1.0,0
819,3,0,43.0,0,0,0.012589561555343713,0.0,1
820,3,0,10.0,3,2,0.05445717323939373,0.0,0
821,1,1,52.0,1,1,0.18249984580226933,0.0,0
822,3,0,27.0,0,0,0.016908073949327893,0.0,1
823,1,0,38.0,0,0,0.0,0.0,1
824,3,1,27.0,0,1,0.024349578357040744,0.0,0
825,3,0,2.0,4,1,0.07746484096553544,0.0,0
826,3,0,26.827960968017578,0,0,0.013565496559633922,2.0,1
827,3,0,30.374549865722656,0,0,0.11027245763075773,0.0,1
828,2,0,1.0,0,2,0.07222738817151159,1.0,0
829,3,0,25.905658721923828,0,0,0.015126992566498259,2.0,1
830,1,1,62.0,0,0,0.15614960068643363,0.0,1
831,3,1,15.0,1,0,0.028212719478023115,1.0,0
832,2,0,0.83,1,1,0.03659756266088288,0.0,0
833,3,0,26.501447677612305,0,0,0.014110458666029575,1.0,1
834,3,0,23.0,0,0,0.015330377421392339,0.0,1
835,3,0,18.0,0,0,0.016200521071217493,0.0,1
836,1,1,39.0,1,1,0.16231419173453318,1.0,0
837,3,0,21.0,0,0,0.016908073949327893,0.0,1
838,3,0,25.562461853027344,0,0,0.015712553569072387,0.0,1
839,3,0,32.0,0,0,0.11027245763075773,0.0,1
840,1,0,46.85704803466797,0,0,0.057970539254838485,1.0,1
841,3,0,20.0,0,0,0.015468569817999833,0.0,1
842,2,0,16.0,0,0,0.020494635090094415,0.0,1
843,1,1,30.0,0,0,0.060507970265993034,1.0,1
844,3,0,34.5,0,0,0.012565163180236457,1.0,1
845,3,0,17.0,0,0,0.016908073949327893,0.0,1
846,3,0,42.0,0,0,0.014736618564782174,0.0,1
847,3,0,14.116209983825684,8,2,0.13575255909676825,0.0,0
848,3,0,35.0,0,0,0.015411575213749286,1.0,1
849,2,0,28.0,0,1,0.06441171028315387,0.0,0
850,1,1,34.69207000732422,1,0,0.17391981561855152,1.0,0
851,3,0,4.0,4,2,0.06104473451835265,0.0,0
852,3,0,74.0,0,0,0.015175789316712771,0.0,1
853,3,1,9.0,1,1,0.029757819776815374,1.0,0
854,1,1,16.0,0,1,0.07690367833806856,0.0,0
855,2,1,44.0,1,0,0.050748620223090936,0.0,0
856,3,1,18.0,0,1,0.018249984580226933,0.0,0
857,1,1,45.0,1,1,0.32179836714362564,0.0,0
858,1,0,51.0,0,0,0.051822148727810165,0.0,1
859,3,1,24.0,0,3,0.03758969818624431,1.0,0
860,3,0,26.501447677612305,0,0,0.014110458666029575,1.0,1
861,3,0,41.0,2,0,0.027537567642055148,0.0,0
862,2,0,21.0,1,0,0.022446505098674838,0.0,0
863,1,1,48.0,0,0,0.050610427826483444,0.0,1
864,3,1,36.1191520690918,8,2,0.13575255909676825,0.0,0
865,2,0,24.0,0,0,0.025374310111545468,0.0,1
866,2,1,42.0,0,0,0.025374310111545468,0.0,1
867,2,1,27.0,1,0,0.027049600139910042,1.0,0
868,1,0,31.0,0,0,0.09856123757927521,0.0,1
869,3,0,24.044902801513672,0,0,0.018542765081513996,0.0,1
870,3,0,4.0,1,1,0.021730754366528396,0.0,0
871,3,0,26.0,0,0,0.015411575213749286,0.0,1
872,1,1,47.0,1,1,0.10257896680493714,0.0,0
873,1,0,33.0,0,0,0.009759350042902102,0.0,1
874,3,0,47.0,0,0,0.017566830077223785,0.0,1
875,2,1,28.0,1,0,0.04684488020593009,1.0,0
876,3,1,15.0,0,0,0.014102260811993537,1.0,1
877,3,0,20.0,0,0,0.019217721730481106,0.0,1
878,3,0,19.0,0,0,0.015411575213749286,0.0,1
879,3,0,25.73886489868164,0,0,0.015411575213749286,0.0,1
880,1,1,56.0,0,1,0.16231419173453318,1.0,0
881,2,1,25.0,0,1,0.050748620223090936,0.0,0
882,3,0,33.0,0,0,0.015411575213749286,0.0,1
883,3,1,22.0,0,0,0.02052723131923771,0.0,1
884,2,0,28.0,0,0,0.020494635090094415,0.0,1
885,3,0,25.0,0,0,0.013760683560491965,0.0,1
886,3,1,39.0,0,5,0.05684821399990475,2.0,0
887,2,0,27.0,0,0,0.025374310111545468,0.0,1
888,1,1,19.0,0,0,0.05855610025741262,0.0,1
889,3,1,29.477603912353516,1,2,0.04577135170121086,0.0,0
890,1,0,26.0,0,0,0.05855610025741262,1.0,1
891,3,0,32.0,0,0,0.015126992566498259,2.0,1
892,3,0,34.5,0,0,0.015281580671177828,2.0,1
893,3,1,47.0,1,0,0.013663090060062943,0.0,0
894,2,0,62.0,0,0,0.018908740708122825,2.0,1
895,3,0,27.0,0,0,0.016908073949327893,0.0,1
896,3,1,22.0,1,1,0.023983602730431916,0.0,0
897,3,0,14.0,0,0,0.01800600082915438,0.0,1
898,3,1,30.0,0,0,0.014891206669461744,2.0,1
899,2,0,26.0,1,1,0.056604230248832196,0.0,0
900,3,1,18.0,0,0,0.014110458666029575,1.0,1
901,3,0,21.0,2,0,0.04713766070721715,0.0,0
902,3,0,25.73886489868164,0,0,0.015411575213749286,0.0,1
903,1,0,46.0,0,0,0.050748620223090936,0.0,1
904,1,1,23.0,1,0,0.16057390443488287,0.0,0
905,2,0,63.0,1,0,0.050748620223090936,0.0,0
906,1,1,47.0,1,0,0.11940564777490723,0.0,0
907,2,1,24.0,1,0,0.05410739813385612,1.0,0
908,2,0,35.0,0,0,0.024105594605968193,2.0,1
909,3,0,21.0,0,0,0.014102260811993537,1.0,1
910,3,1,27.0,1,0,0.015468569817999833,0.0,0
911,3,1,45.0,0,0,0.014102260811993537,1.0,1
912,1,0,55.0,1,0,0.11594107850967697,1.0,0
913,3,0,9.0,0,1,0.0061889894232067975,0.0,0
914,1,1,37.65082931518555,0,0,0.06184168304285603,0.0,1
915,1,0,21.0,0,1,0.11980421963065935,1.0,0
916,1,1,48.0,1,3,0.5121218935012878,1.0,0
917,3,0,50.0,1,0,0.028302115124416098,0.0,0
918,1,1,22.0,0,1,0.1209753416358076,1.0,0
919,3,0,22.5,0,0,0.014102260811993537,1.0,1
920,1,0,41.0,0,0,0.05953203526170282,0.0,1
921,3,0,20.432485580444336,2,0,0.04231498029001666,1.0,0
922,2,0,50.0,1,0,0.050748620223090936,0.0,0
923,2,0,24.0,2,0,0.061483905270283246,0.0,0
924,3,1,33.0,1,2,0.04015972542654215,0.0,0
925,3,1,29.477603912353516,1,2,0.04577135170121086,0.0,0
926,1,0,30.0,1,0,0.11272049299551928,1.0,0
927,3,0,18.5,0,0,0.014110458666029575,1.0,1
928,3,1,23.692474365234375,0,0,0.015712553569072387,0.0,1
929,3,1,21.0,0,0,0.016908073949327893,0.0,1
930,3,0,25.0,0,0,0.018542765081513996,0.0,1
931,3,0,30.374549865722656,0,0,0.11027245763075773,0.0,1
932,3,0,39.0,0,1,0.026187654344120927,1.0,0
933,1,0,45.185333251953125,0,0,0.051822148727810165,0.0,1
934,3,0,41.0,0,0,0.0153221795673563,0.0,1
935,2,1,30.0,0,0,0.025374310111545468,0.0,1
936,1,1,45.0,1,0,0.10257896680493714,0.0,0
937,3,0,25.0,0,0,0.015468569817999833,0.0,1
938,1,0,45.0,0,0,0.057970539254838485,1.0,1
939,3,0,25.905658721923828,0,0,0.015126992566498259,2.0,1
940,1,1,60.0,0,0,0.14891148113361488,1.0,1
941,3,1,36.0,0,2,0.031034733136428686,0.0,0
942,1,0,24.0,1,0,0.11711220051482524,0.0,0
943,2,0,27.0,0,0,0.029343047399992037,1.0,1
944,2,1,20.0,2,1,0.044893010197349675,0.0,0
945,1,1,28.0,3,2,0.5133418122566507,0.0,0
946,2,0,40.07124328613281,0,0,0.03040857323767609,1.0,1
947,3,0,10.0,4,1,0.05684821399990475,2.0,0
948,3,0,35.0,0,0,0.015411575213749286,0.0,1
949,3,0,25.0,0,0,0.014931805565640218,0.0,1
950,3,0,29.575885772705078,1,0,0.031425107138144774,0.0,0
951,1,1,36.0,0,0,0.5121218935012878,1.0,1
952,3,0,17.0,0,0,0.015411575213749286,0.0,1
953,2,0,32.0,0,0,0.026350245115835676,0.0,1
954,3,0,18.0,0,0,0.015126992566498259,0.0,1
955,3,1,22.0,0,0,0.015078195816283748,2.0,1
956,1,0,13.0,2,2,0.5121218935012878,1.0,0
957,2,1,31.970191955566406,0,0,0.04098927018018883,0.0,1
958,3,1,18.0,0,0,0.01537917417160685,2.0,1
959,1,0,47.0,0,0,0.08275928836380983,0.0,1
960,1,0,31.0,0,0,0.05570149036986375,1.0,1
961,1,1,60.0,1,4,0.5133418122566507,0.0,0
962,3,1,24.0,0,0,0.015126992566498259,2.0,1
963,3,0,21.0,0,0,0.015411575213749286,0.0,1
964,3,1,29.0,0,0,0.015468569817999833,0.0,1
965,1,0,28.5,0,0,0.05410739813385612,1.0,1
966,1,1,35.0,0,0,0.41282050681475896,1.0,1
967,1,0,32.5,0,0,0.41282050681475896,1.0,1
968,3,0,25.562461853027344,0,0,0.015712553569072387,0.0,1
969,1,1,55.0,2,0,0.05016305922051681,0.0,0
970,2,0,30.0,0,0,0.025374310111545468,0.0,1
971,3,1,24.0,0,0,0.015126992566498259,2.0,1
972,3,0,6.0,1,1,0.029757819776815374,1.0,0
973,1,0,67.0,1,0,0.4328841690069588,0.0,0
974,1,0,49.0,0,0,0.050748620223090936,0.0,1
975,3,0,25.73886489868164,0,0,0.015411575213749286,0.0,1
976,2,0,25.143613815307617,0,0,0.020901209612881715,2.0,1
977,3,0,25.822837829589844,1,0,0.028212719478023115,1.0,0
978,3,1,27.0,0,0,0.01537917417160685,2.0,1
979,3,1,18.0,0,0,0.015712553569072387,0.0,1
980,3,1,23.556156158447266,0,0,0.015126992566498259,2.0,1
981,2,0,2.0,1,1,0.044893010197349675,0.0,0
982,3,1,22.0,1,0,0.027130993119267845,0.0,0
983,3,0,25.877058029174805,0,0,0.015175789316712771,0.0,1
984,1,1,27.0,1,2,0.10149724044618187,0.0,0
985,3,0,25.562461853027344,0,0,0.015712553569072387,0.0,1
986,1,0,25.0,0,0,0.050748620223090936,1.0,1
987,3,0,25.0,0,0,0.015216388212891242,0.0,1
988,1,1,76.0,1,0,0.15390495017656614,0.0,0
989,3,0,29.0,0,0,0.015468569817999833,0.0,1
990,3,1,20.0,0,0,0.015330377421392339,0.0,1
991,3,0,33.0,0,0,0.015712553569072387,0.0,1
992,1,1,43.0,1,0,0.1082149914547131,1.0,0
993,2,0,27.0,1,0,0.050748620223090936,0.0,0
994,3,0,25.905658721923828,0,0,0.015126992566498259,2.0,1
995,3,0,26.0,0,0,0.015175789316712771,0.0,1
996,3,1,16.0,1,1,0.016623491302076868,1.0,0
997,3,0,28.0,0,0,0.04396587194327397,0.0,1
998,3,0,21.0,0,0,0.015265184963105752,2.0,1
999,3,0,25.905658721923828,0,0,0.015126992566498259,2.0,1
1000,3,0,24.8584041595459,0,0,0.017005667449756914,0.0,1
1001,2,0,18.5,0,0,0.025374310111545468,0.0,1
1002,2,0,41.0,0,0,0.02936744577509929,1.0,1
1003,3,1,23.58814239501953,0,0,0.015183987170748809,2.0,1
1004,1,1,36.0,0,0,0.06183368037582086,1.0,1
1005,3,1,18.5,0,0,0.014216054833493776,2.0,1
1006,1,1,63.0,1,0,0.4328841690069588,0.0,0
1007,3,0,18.0,1,0,0.028212719478023115,1.0,0
1008,3,0,27.492572784423828,0,0,0.012565163180236457,1.0,1
1009,3,1,1.0,1,1,0.03259622914329302,0.0,0
1010,1,0,36.0,0,0,0.1468620176246054,1.0,1
1011,2,1,29.0,1,0,0.050748620223090936,0.0,0
1012,2,1,12.0,0,0,0.030741952635141623,0.0,1
1013,3,0,21.12447738647461,1,0,0.015126992566498259,2.0,0
1014,1,1,35.0,1,0,0.11272049299551928,1.0,0
1015,3,0,28.0,0,0,0.014151057562208049,0.0,1
1016,3,0,25.905658721923828,0,0,0.015126992566498259,2.0,1
1017,3,1,17.0,0,1,0.031425107138144774,0.0,0
1018,3,0,22.0,0,0,0.015216388212891242,0.0,1
1019,3,1,17.596431732177734,2,0,0.04538097769949478,2.0,0
1020,2,0,42.0,0,0,0.025374310111545468,0.0,1
1021,3,0,24.0,0,0,0.015712553569072387,0.0,1
1022,3,0,32.0,0,0,0.015712553569072387,0.0,1
1023,1,0,53.0,0,0,0.055628295244541985,1.0,1
1024,3,1,31.007173538208008,0,4,0.049707687947515,0.0,0
1025,3,0,20.741247177124023,1,0,0.012565163180236457,1.0,0
1026,3,0,43.0,0,0,0.015411575213749286,0.0,1
1027,3,0,24.0,0,0,0.015330377421392339,0.0,1
1028,3,0,26.5,0,0,0.014102260811993537,1.0,1
1029,2,0,26.0,0,0,0.025374310111545468,0.0,1
1030,3,1,23.0,0,0,0.015712553569072387,0.0,1
1031,3,0,40.0,1,6,0.09154270340242172,0.0,0
1032,3,1,10.0,5,2,0.09154270340242172,0.0,0
1033,1,1,33.0,0,0,0.29580589980036276,0.0,1
1034,1,0,61.0,1,3,0.5121218935012878,1.0,0
1035,2,0,28.0,0,0,0.050748620223090936,0.0,1
1036,1,0,42.0,0,0,0.051822148727810165,0.0,1
1037,3,0,31.0,3,0,0.03513366015444757,0.0,0
1038,1,0,48.6276969909668,0,0,0.10122885832000206,0.0,1
1039,3,0,22.0,0,0,0.015712553569072387,0.0,1
1040,1,0,45.185333251953125,0,0,0.051822148727810165,0.0,1
1041,2,0,30.0,1,1,0.050748620223090936,0.0,0
1042,1,1,23.0,0,1,0.16231419173453318,1.0,0
1043,3,0,25.73886489868164,0,0,0.015411575213749286,1.0,1
1044,3,0,60.5,0,0,0.0649884474305692,0.0,1
1045,3,1,36.0,0,2,0.023780217875537836,0.0,0
1046,3,0,13.0,4,2,0.06126431989431795,0.0,0
1047,3,0,24.0,0,0,0.014736618564782174,0.0,1
1048,1,1,29.0,0,0,0.4328841690069588,0.0,1
1049,3,1,23.0,0,0,0.015330377421392339,0.0,1
1050,1,0,42.0,0,0,0.051822148727810165,0.0,1
1051,3,1,26.0,0,2,0.026887009368195294,0.0,0
1052,3,1,23.537860870361328,0,0,0.015094396337354966,2.0,1
1053,3,0,7.0,1,1,0.029757819776815374,1.0,0
1054,2,1,26.0,0,0,0.026350245115835676,0.0,1
1055,3,0,26.76365089416504,0,0,0.013663090060062943,0.0,1
1056,2,0,41.0,0,0,0.025374310111545468,0.0,1
1057,3,1,26.0,1,1,0.04298993693898376,0.0,0
1058,1,0,48.0,0,0,0.09856123757927521,1.0,1
1059,3,0,18.0,2,2,0.06709553154495196,0.0,0
1060,1,1,45.50365447998047,0,0,0.05410739813385612,1.0,1
1061,3,1,22.0,0,0,0.01749363495190202,0.0,1
1062,3,0,26.134456634521484,0,0,0.014736618564782174,0.0,1
1063,3,0,27.0,0,0,0.014102260811993537,1.0,1
1064,3,0,23.0,1,0,0.027130993119267845,0.0,0
1065,3,0,26.501447677612305,0,0,0.014110458666029575,1.0,1
1066,3,0,40.0,1,5,0.06126431989431795,0.0,0
1067,2,1,15.0,0,2,0.07612293033463641,0.0,0
1068,2,1,20.0,0,0,0.07173122281533045,0.0,1
1069,1,0,54.0,1,0,0.1082149914547131,1.0,0
1070,2,1,36.0,0,3,0.07612293033463641,0.0,0
1071,1,1,64.0,0,2,0.16231419173453318,1.0,0
1072,2,0,30.0,0,0,0.025374310111545468,0.0,1
1073,1,0,37.0,1,1,0.16231419173453318,1.0,0
1074,1,1,18.0,1,0,0.10364429745562033,0.0,0
1075,3,0,25.905658721923828,0,0,0.015126992566498259,2.0,1
1076,1,1,27.0,1,1,0.4831284260198326,1.0,0
1077,2,0,40.0,0,0,0.03122992013728673,0.0,1
1078,2,1,21.0,0,1,0.04098927018018883,0.0,0
1079,3,0,17.0,2,0,0.015712553569072387,0.0,0
1080,3,1,36.1191520690918,8,2,0.13575255909676825,0.0,0
1081,2,0,40.0,0,0,0.025374310111545468,0.0,1
1082,2,0,34.0,1,0,0.050748620223090936,0.0,0
1083,1,0,45.150848388671875,0,0,0.050748620223090936,0.0,1
1084,3,0,11.5,1,1,0.028302115124416098,0.0,0
1085,2,0,61.0,0,0,0.024105594605968193,2.0,1
1086,2,0,8.0,0,2,0.06343577527886367,0.0,0
1087,3,0,33.0,0,0,0.015330377421392339,0.0,1
1088,1,0,6.0,0,2,0.2625265161540666,1.0,0
1089,3,1,18.0,0,0,0.015175789316712771,0.0,1
1090,2,0,23.0,0,0,0.020494635090094415,0.0,1
1091,3,1,23.683279037475586,0,0,0.015834545444608664,0.0,1
1092,3,1,20.6362247467041,0,0,0.030253985132996517,2.0,1
1093,3,0,0.33,0,2,0.028106928123558056,0.0,0
1094,1,0,47.0,1,0,0.4440992237022602,1.0,0
1095,2,1,8.0,1,1,0.050748620223090936,0.0,0
1096,2,0,25.0,0,0,0.020494635090094415,0.0,1
1097,1,0,45.13466262817383,0,0,0.05024445219987461,1.0,1
1098,3,1,35.0,0,0,0.015126992566498259,2.0,1
1099,2,0,24.0,0,0,0.020494635090094415,0.0,1
1100,1,1,33.0,0,0,0.05410739813385612,1.0,1
1101,3,0,25.0,0,0,0.015411575213749286,0.0,1
1102,3,0,32.0,0,0,0.04396587194327397,0.0,1
1103,3,0,26.706451416015625,0,0,0.013760683560491965,0.0,1
1104,2,0,17.0,0,0,0.1434624456306609,0.0,1
1105,2,1,60.0,1,0,0.050748620223090936,0.0,0
1106,3,1,38.0,4,2,0.015175789316712771,0.0,0
1107,1,0,42.0,0,0,0.08295447536466788,0.0,1
1108,3,1,23.697689056396484,0,0,0.01537917417160685,2.0,1
1109,1,0,57.0,1,1,0.32179836714362564,0.0,0
1110,1,1,50.0,1,1,0.41282050681475896,1.0,0
1111,3,0,25.562461853027344,0,0,0.015712553569072387,0.0,1
1112,2,1,30.0,1,0,0.027049600139910042,1.0,0
1113,3,0,21.0,0,0,0.015712553569072387,0.0,1
1114,2,1,22.0,0,0,0.020494635090094415,0.0,1
1115,3,0,21.0,0,0,0.015216388212891242,0.0,1
1116,1,1,53.0,0,0,0.0535706338814965,1.0,1
1117,3,1,30.510894775390625,0,2,0.029757819776815374,1.0,0
1118,3,0,23.0,0,0,0.015216388212891242,0.0,1
1119,3,1,23.556156158447266,0,0,0.015126992566498259,2.0,1
1120,3,0,40.5,0,0,0.029473237129564348,0.0,1
1121,2,0,36.0,0,0,0.025374310111545468,0.0,1
1122,2,0,14.0,0,0,0.12687155055772734,0.0,1
1123,1,1,21.0,0,0,0.051822148727810165,0.0,1
1124,3,0,21.0,1,0,0.012678957201736696,0.0,0
1125,3,0,25.757854461669922,0,0,0.01537917417160685,2.0,1
1126,1,0,39.0,1,0,0.13913573538264068,1.0,0
1127,3,0,20.0,0,0,0.015330377421392339,0.0,1
1128,1,0,64.0,1,0,0.14687821814567664,1.0,0
1129,3,0,20.0,0,0,0.014102260811993537,1.0,1
1130,2,1,18.0,1,1,0.025374310111545468,0.0,0
1131,1,1,48.0,1,0,0.20772776566317125,1.0,0
1132,1,1,55.0,0,0,0.05410739813385612,1.0,1
1133,2,1,45.0,0,2,0.05855610025741262,0.0,0
1134,1,0,45.0,1,1,0.2625265161540666,1.0,0
1135,3,0,25.74835968017578,0,0,0.015395374692678068,0.0,1
1136,3,0,15.524001121520996,1,2,0.04577135170121086,0.0,0
1137,1,0,41.0,1,0,0.10122885832000206,0.0,0
1138,2,1,22.0,0,0,0.04098927018018883,0.0,1
1139,2,0,42.0,1,1,0.06343577527886367,0.0,0
1140,2,1,29.0,1,0,0.050748620223090936,0.0,0
1141,3,1,25.52479362487793,1,0,0.028212719478023115,1.0,0
1142,2,1,0.92,1,2,0.05416439273810667,0.0,0
1143,3,0,20.0,0,0,0.015468569817999833,0.0,1
1144,1,0,27.0,1,0,0.26697521827762305,1.0,0
1145,3,0,24.0,0,0,0.01820118783001242,0.0,1
1146,3,0,32.5,0,0,0.018542765081513996,0.0,1
1147,3,0,26.134456634521484,0,0,0.014736618564782174,0.0,1
1148,3,0,25.905658721923828,0,0,0.015126992566498259,2.0,1
1149,3,0,28.0,0,0,0.015712553569072387,0.0,1
1150,2,1,19.0,0,0,0.025374310111545468,0.0,1
1151,3,0,21.0,0,0,0.015175789316712771,0.0,1
1152,3,0,36.5,1,0,0.033962538149299316,0.0,0
1153,3,0,21.0,0,0,0.015330377421392339,0.0,1
1154,2,1,29.0,0,2,0.044893010197349675,0.0,0
1155,3,1,1.0,1,1,0.023780217875537836,0.0,0
1156,2,0,30.0,0,0,0.024861944234293106,1.0,1
1157,3,0,25.73886489868164,0,0,0.015411575213749286,0.0,1
1158,1,0,39.18463897705078,0,0,0.0,0.0,1
1159,3,0,26.134456634521484,0,0,0.014736618564782174,0.0,1
1160,3,1,23.692474365234375,0,0,0.015712553569072387,0.0,1
1161,3,0,17.0,0,0,0.016908073949327893,0.0,1
1162,1,0,46.0,0,0,0.1468620176246054,1.0,1
1163,3,0,25.905658721923828,0,0,0.015126992566498259,2.0,1
1164,1,1,26.0,1,0,0.26697521827762305,1.0,0
1165,3,1,25.35791015625,1,0,0.030253985132996517,2.0,0
1166,3,0,26.506254196166992,0,0,0.014102260811993537,1.0,1
1167,2,1,20.0,1,0,0.050748620223090936,0.0,0
1168,2,0,28.0,0,0,0.020494635090094415,0.0,1
1169,2,0,40.0,1,0,0.050748620223090936,0.0,0
1170,2,0,30.0,1,0,0.04098927018018883,0.0,0
1171,2,0,22.0,0,0,0.020494635090094415,0.0,1
1172,3,1,23.0,0,0,0.016908073949327893,0.0,1
1173,3,0,0.75,1,1,0.026887009368195294,0.0,0
1174,3,1,23.556156158447266,0,0,0.015126992566498259,2.0,1
1175,3,1,9.0,1,1,0.029757819776815374,1.0,0
1176,3,1,2.0,1,1,0.039452172548431745,0.0,0
1177,3,0,36.0,0,0,0.014151057562208049,0.0,1
1178,3,0,26.477651596069336,0,0,0.014151057562208049,0.0,1
1179,1,0,24.0,1,0,0.16057390443488287,0.0,0
1180,3,0,26.501447677612305,0,0,0.014110458666029575,1.0,1
1181,3,0,25.562461853027344,0,0,0.015712553569072387,0.0,1
1182,1,0,47.34492492675781,0,0,0.07729405233978466,0.0,1
1183,3,1,30.0,0,0,0.013565496559633922,2.0,1
1184,3,0,26.501447677612305,0,0,0.014110458666029575,1.0,1
1185,1,0,53.0,1,1,0.15977676072337862,0.0,0
1186,3,0,36.0,0,0,0.018542765081513996,0.0,1
1187,3,0,26.0,0,0,0.015411575213749286,0.0,1
1188,2,1,1.0,1,2,0.08115719346076702,1.0,0
1189,3,0,20.432485580444336,2,0,0.04231498029001666,1.0,0
1190,1,0,30.0,0,0,0.08881008539040913,0.0,1
1191,3,0,29.0,0,0,0.015330377421392339,0.0,1
1192,3,0,32.0,0,0,0.015175789316712771,0.0,1
1193,2,0,38.67827224731445,0,0,0.02936744577509929,1.0,1
1194,2,0,43.0,0,1,0.04098927018018883,0.0,0
1195,3,0,24.0,0,0,0.016908073949327893,0.0,1
1196,3,1,23.556156158447266,0,0,0.015126992566498259,2.0,1
1197,1,1,64.0,1,1,0.051822148727810165,0.0,0
1198,1,0,30.0,1,2,0.29580589980036276,0.0,0
1199,3,0,0.83,0,1,0.018249984580226933,0.0,0
1200,1,0,55.0,1,1,0.18249984580226933,0.0,0
1201,3,1,45.0,1,0,0.027537567642055148,0.0,0
1202,3,0,18.0,0,0,0.016908073949327893,0.0,1
1203,3,0,22.0,0,0,0.014102260811993537,1.0,1
1204,3,0,26.105857849121094,0,0,0.014785415314996686,0.0,1
1205,3,1,37.0,0,0,0.015126992566498259,2.0,1
1206,1,1,55.0,0,0,0.2647385704347907,1.0,1
1207,3,1,17.0,0,0,0.015094396337354966,2.0,1
1208,1,0,57.0,1,0,0.2859895551532101,1.0,0
1209,2,0,19.0,0,0,0.020494635090094415,0.0,1
1210,3,0,27.0,0,0,0.015330377421392339,0.0,1
1211,2,0,22.0,2,0,0.061483905270283246,0.0,0
1212,3,0,26.0,0,0,0.015175789316712771,0.0,1
1213,3,0,25.0,0,0,0.014110458666029575,1.0,1
1214,2,0,26.0,0,0,0.025374310111545468,0.0,1
1215,1,0,33.0,0,0,0.051822148727810165,0.0,1
1216,1,1,39.0,0,0,0.41250332793836464,0.0,1
1217,3,0,23.0,0,0,0.013760683560491965,0.0,1
1218,2,1,12.0,2,1,0.07612293033463641,0.0,0
1219,1,0,46.0,0,0,0.15458810467956932,1.0,1
1220,2,0,29.0,1,0,0.050748620223090936,0.0,0
1221,2,0,21.0,0,0,0.025374310111545468,0.0,1
1222,2,1,48.0,0,2,0.07173122281533045,0.0,0
1223,1,0,39.0,0,0,0.057970539254838485,1.0,1
1224,3,0,26.506254196166992,0,0,0.014102260811993537,1.0,1
1225,3,1,19.0,1,1,0.030725752114070404,1.0,0
1226,3,0,27.0,0,0,0.015411575213749286,0.0,1
1227,1,0,30.0,0,0,0.050748620223090936,0.0,1
1228,2,0,32.0,0,0,0.025374310111545468,0.0,1
1229,3,0,39.0,0,2,0.014110458666029575,1.0,0
1230,2,0,25.0,0,0,0.061483905270283246,0.0,1
1231,3,0,26.501447677612305,0,0,0.014110458666029575,1.0,1
1232,2,0,18.0,0,0,0.020494635090094415,0.0,1
1233,3,0,32.0,0,0,0.014793613169032724,0.0,1
1234,3,0,77.02985382080078,1,9,0.13575255909676825,0.0,0
1235,1,1,58.0,0,1,1.0,1.0,0
1236,3,0,9.47160530090332,1,1,0.028302115124416098,0.0,0
1237,3,1,16.0,0,0,0.014931805565640218,0.0,1
1238,2,0,26.0,0,0,0.025374310111545468,0.0,1
1239,3,1,38.0,0,0,0.014110458666029575,1.0,1
1240,2,0,24.0,0,0,0.026350245115835676,0.0,1
1241,2,1,31.0,0,0,0.04098927018018883,0.0,1
1242,1,1,45.0,0,1,0.12366716556464086,1.0,0
1243,2,0,25.0,0,0,0.020494635090094415,0.0,1
1244,2,0,18.0,0,0,0.1434624456306609,0.0,1
1245,2,0,49.0,1,2,0.12687155055772734,0.0,0
1246,3,1,0.17,1,2,0.04015972542654215,0.0,0
1247,1,0,50.0,0,0,0.050748620223090936,0.0,1
1248,1,1,59.0,2,0,0.10048070654571319,0.0,0
1249,3,0,25.757854461669922,0,0,0.01537917417160685,0.0,1
1250,3,0,25.905658721923828,0,0,0.015126992566498259,2.0,1
1251,3,1,30.0,1,0,0.030351578633425542,0.0,0
1252,3,0,14.5,8,2,0.13575255909676825,0.0,0
1253,2,1,24.0,1,1,0.07222738817151159,1.0,0
1254,2,1,31.0,0,0,0.04098927018018883,0.0,1
1255,3,0,27.0,0,0,0.016908073949327893,0.0,1
1256,1,1,25.0,1,0,0.1082149914547131,1.0,0
1257,3,1,85.12126159667969,1,9,0.13575255909676825,0.0,0
1258,3,0,25.83490753173828,1,0,0.028220722145058292,1.0,0
1259,3,1,22.0,0,0,0.07746484096553544,0.0,1
1260,1,1,45.0,0,1,0.11594107850967697,1.0,0
1261,2,0,29.0,0,0,0.027049600139910042,1.0,1
1262,2,0,21.0,1,0,0.022446505098674838,0.0,0
1263,1,1,31.0,0,0,0.2625265161540666,1.0,1
1264,1,0,49.0,0,0,0.0,0.0,1
1265,2,0,44.0,0,0,0.025374310111545468,0.0,1
1266,1,1,54.0,1,1,0.15977676072337862,0.0,0
1267,1,1,45.0,0,0,0.5121218935012878,1.0,1
1268,3,1,22.0,2,0,0.016908073949327893,0.0,0
1269,2,0,21.0,0,0,0.022446505098674838,0.0,1
1270,1,0,55.0,0,0,0.09759350042902103,0.0,1
1271,3,0,5.0,4,2,0.06126431989431795,0.0,0
1272,3,0,25.905658721923828,0,0,0.015126992566498259,2.0,1
1273,3,0,26.0,0,0,0.01537917417160685,2.0,1
1274,3,1,21.107458114624023,0,0,0.028302115124416098,0.0,1
1275,3,1,19.0,1,0,0.031425107138144774,0.0,0
1276,2,0,34.09099578857422,0,0,0.025130326360472913,0.0,1
1277,2,1,24.0,1,2,0.12687155055772734,0.0,0
1278,3,0,24.0,0,0,0.015175789316712771,0.0,1
1279,2,0,57.0,0,0,0.025374310111545468,0.0,1
1280,3,0,21.0,0,0,0.015126992566498259,2.0,1
1281,3,0,6.0,3,1,0.04113566043083236,0.0,0
1282,1,0,23.0,0,0,0.18249984580226933,0.0,1
1283,1,1,51.0,0,1,0.07690367833806856,0.0,0
1284,3,0,13.0,0,2,0.03952536767375352,0.0,0
1285,2,0,47.0,0,0,0.020494635090094415,0.0,1
1286,3,0,29.0,3,1,0.04298993693898376,0.0,0
1287,1,1,18.0,1,0,0.11711220051482524,0.0,0
1288,3,0,24.0,0,0,0.014151057562208049,2.0,1
1289,1,1,48.0,1,1,0.15458810467956932,1.0,0
1290,3,0,22.0,0,0,0.015175789316712771,0.0,1
1291,3,0,31.0,0,0,0.015094396337354966,2.0,1
1292,1,1,30.0,0,0,0.32179836714362564,0.0,1
1293,2,0,38.0,1,0,0.04098927018018883,0.0,0
1294,1,1,22.0,0,1,0.11594107850967697,1.0,0
1295,1,0,17.0,0,0,0.09193307740413781,0.0,1
1296,1,0,43.0,1,0,0.05410739813385612,1.0,0
1297,2,0,20.0,0,0,0.02705779799394608,1.0,1
1298,2,0,23.0,1,0,0.020494635090094415,0.0,0
1299,1,0,50.0,1,1,0.41282050681475896,1.0,0
1300,3,1,23.524171829223633,0,0,0.01506999796224771,2.0,1
1301,3,1,3.0,1,1,0.026887009368195294,0.0,0
1302,3,1,23.556156158447266,0,0,0.015126992566498259,2.0,1
1303,1,1,37.0,1,0,0.17566830077223786,2.0,0
1304,3,1,28.0,0,0,0.015175789316712771,0.0,1
1305,3,0,25.562461853027344,0,0,0.015712553569072387,0.0,1
1306,1,1,39.0,0,0,0.2125586439344078,1.0,1
1307,3,0,38.5,0,0,0.014151057562208049,0.0,1
1308,3,0,25.562461853027344,0,0,0.015712553569072387,0.0,1
1309,3,0,28.683195114135742,1,1,0.04364049521284362,1.0,0
